report_number,number_of_rounds,cpu0 GHz,cpu1 GHz,cpu2 GHz,cpu3 GHz,cpu4 GHz,cpu5 GHz,cpu6 GHz,cpu7 GHz,cpu0 governor,cpu1 governor,cpu2 governor,cpu3 governor,cpu4 governor,cpu5 governor,cpu6 governor,cpu7 governor,fan_speed (x1000),thermal0 (x10),thermal1 (x10),thermal2 (x10),thermal3 (x10),thermal4 (x10),thermal5 (x10),thermal6 (x10)
1,25,3.4003229999999998,3.3999989999999998,3.4,3.4001550000000003,3.400054,3.3999810000000004,3.40004,3.400057,powersave,powersave,powersave,powersave,powersave,powersave,powersave,powersave,5.119,5.2,2.0,2.8,7.1,5.1,7.1,6.7
2,24,3.400286,3.3999989999999998,3.4,3.400197,3.400031,3.399983,3.400059,3.400036,powersave,powersave,powersave,powersave,powersave,powersave,powersave,powersave,5.123,5.3,2.0,2.8,7.3,5.1,7.3,6.9
3,25,3.400381,3.4,3.4,3.400059,3.400048,3.39999,3.400066,3.400027,powersave,powersave,powersave,powersave,powersave,powersave,powersave,powersave,5.136,5.4,2.0,2.8,7.4,5.4,7.4,7.0
4,24,3.40041,3.4,3.400029,3.4001729999999997,3.400043,3.3999699999999997,3.4,3.4000239999999997,powersave,powersave,powersave,powersave,powersave,powersave,powersave,powersave,5.131,5.45,2.0,2.8,7.5,5.6,7.5,7.1
5,25,3.400414,3.4,3.4000529999999998,3.400061,3.4000619999999997,3.3999650000000003,3.4,3.400094,powersave,powersave,powersave,powersave,powersave,powersave,powersave,powersave,5.136,5.5,2.0,2.8,7.6,5.6,7.6,7.2
6,24,3.399951,3.4,3.4000459999999997,3.400067,3.4,3.400035,3.400081,3.400013,powersave,powersave,powersave,powersave,powersave,powersave,powersave,powersave,5.136,5.55,2.0,2.8,7.6,5.7,7.6,7.7
7,25,3.3999699999999997,3.4,3.400043,3.400089,3.3999989999999998,3.400026,3.400086,3.4000410000000003,powersave,powersave,powersave,powersave,powersave,powersave,powersave,powersave,5.136,5.65,2.0,2.8,7.6,5.7,7.6,7.7
8,24,3.399995,3.4,3.4000340000000002,3.400089,3.4,3.400055,3.400104,3.4000369999999998,powersave,powersave,powersave,powersave,powersave,powersave,powersave,powersave,5.136,5.65,2.0,2.8,7.6,5.8,7.6,7.7
9,25,3.400059,3.399997,3.3999989999999998,3.400057,3.400028,3.399987,3.4,3.400026,powersave,powersave,powersave,powersave,powersave,powersave,powersave,powersave,5.134,5.65,2.0,2.8,7.7,5.9,7.7,7.2
10,25,3.400028,3.39985,3.40008,3.398174,3.399895,3.398759,3.4000529999999998,3.398063,powersave,powersave,powersave,powersave,powersave,powersave,powersave,powersave,5.136,5.7,2.0,2.8,7.7,5.9,7.7,7.3
11,24,3.400051,3.3999989999999998,3.400082,3.400074,3.4,3.400019,3.400019,3.400043,powersave,powersave,powersave,powersave,powersave,powersave,powersave,powersave,5.136,5.7,2.0,2.8,7.7,5.9,7.7,7.3
12,25,3.4000340000000002,3.399956,3.400048,3.399217,3.399967,3.3992139999999997,3.400082,3.3988389999999997,powersave,powersave,powersave,powersave,powersave,powersave,powersave,powersave,5.142,5.7,2.0,2.8,7.7,6.0,7.7,7.4
13,24,3.399988,3.4,3.400032,3.400066,3.4,3.400023,3.4000410000000003,3.40002,powersave,powersave,powersave,powersave,powersave,powersave,powersave,powersave,5.136,5.75,2.0,2.8,7.7,6.0,7.7,7.4
14,25,3.40003,3.4,3.400137,3.400068,3.4,3.399973,3.400051,3.400077,powersave,powersave,powersave,powersave,powersave,powersave,powersave,powersave,5.136,5.75,2.0,2.8,7.7,6.0,7.7,7.4
15,24,3.395774,3.39839,3.313593,3.3947800000000004,3.396264,3.340755,3.3035129999999997,3.359216,powersave,powersave,powersave,powersave,powersave,powersave,powersave,powersave,5.444,5.75,2.0,2.8,7.8,6.0,7.8,7.5
16,25,3.400006,3.4,3.400052,3.4000839999999997,3.3999989999999998,3.4000120000000003,3.400007,3.4000340000000002,powersave,powersave,powersave,powersave,powersave,powersave,powersave,powersave,5.893,5.8,2.0,2.8,7.8,6.0,7.8,7.4
17,24,3.40002,3.4,3.400086,3.400081,3.4,3.4000169999999996,3.400077,3.4000500000000002,powersave,powersave,powersave,powersave,powersave,powersave,powersave,powersave,5.893,5.75,2.0,2.8,7.7,6.1,7.7,7.4
18,25,3.400023,3.3999989999999998,3.40015,3.400048,3.4,3.3999580000000003,3.4000079999999997,3.400045,powersave,powersave,powersave,powersave,powersave,powersave,powersave,powersave,5.89,5.75,2.0,2.8,7.7,6.1,7.7,7.3
19,24,3.400056,3.4,3.400049,3.400086,3.4,3.399975,3.400077,3.4000250000000003,powersave,powersave,powersave,powersave,powersave,powersave,powersave,powersave,5.893,5.75,2.0,2.8,7.7,6.1,7.7,7.3
20,25,3.400066,3.4,3.4000340000000002,3.4001,3.4,3.3999639999999998,3.4000369999999998,3.400087,powersave,powersave,powersave,powersave,powersave,powersave,powersave,powersave,5.893,5.75,2.0,2.8,7.6,6.0,7.6,7.4
21,24,3.399984,3.3999989999999998,3.400124,3.400096,3.4,3.399987,3.400045,3.400007,powersave,powersave,powersave,powersave,powersave,powersave,powersave,powersave,5.893,5.75,2.0,2.8,7.6,6.0,7.6,7.3
22,25,3.400066,3.4,3.400095,3.400088,3.4,3.3999520000000003,3.4000410000000003,3.400018,powersave,powersave,powersave,powersave,powersave,powersave,powersave,powersave,5.893,5.75,2.0,2.8,7.6,6.1,7.6,7.3
23,25,3.4000169999999996,3.3999989999999998,3.400039,3.400103,3.3999989999999998,3.3999479999999997,3.40004,3.40006,powersave,powersave,powersave,powersave,powersave,powersave,powersave,powersave,5.893,5.75,2.0,3.0,7.6,6.1,7.6,7.4
24,24,3.4000459999999997,3.3999989999999998,3.400056,3.400114,3.4,3.39996,3.4000909999999998,3.4000749999999997,powersave,powersave,powersave,powersave,powersave,powersave,powersave,powersave,5.893,5.7,2.0,2.8,7.6,6.1,7.6,7.3
25,25,3.400051,3.4,3.4000500000000002,3.400078,3.4,3.399983,3.400097,3.4000459999999997,powersave,powersave,powersave,powersave,powersave,powersave,powersave,powersave,5.887,5.75,2.0,2.8,7.6,6.1,7.6,7.3
26,24,3.400547,3.3999989999999998,3.4000410000000003,3.400116,3.400049,3.3999430000000004,3.4,3.4000369999999998,powersave,powersave,powersave,powersave,powersave,powersave,powersave,powersave,5.879,5.7,2.0,2.8,7.7,6.1,7.7,7.3
27,25,3.400576,3.3999989999999998,3.400043,3.400131,3.4000500000000002,3.3999430000000004,3.4,3.400068,powersave,powersave,powersave,powersave,powersave,powersave,powersave,powersave,5.89,5.7,2.0,2.8,7.7,6.1,7.7,7.3
28,24,3.398618,3.3992150000000003,3.397733,3.373421,3.3722,3.395511,3.3992199999999997,3.4000839999999997,powersave,powersave,powersave,powersave,powersave,powersave,powersave,powersave,5.89,5.75,2.0,2.8,7.7,6.1,7.7,7.3
29,25,3.400191,3.3999960000000002,3.399744,3.399298,3.3994299999999997,3.399306,3.399987,3.3947,powersave,powersave,powersave,powersave,powersave,powersave,powersave,powersave,5.89,5.7,2.0,2.8,7.7,6.1,7.7,7.3
30,25,3.396031,3.3976100000000002,3.399989,3.395924,3.395553,3.395438,3.3976260000000003,3.393263,powersave,powersave,powersave,powersave,powersave,powersave,powersave,powersave,5.893,5.75,2.0,2.8,7.7,6.1,7.7,7.4
31,23,3.194995,3.2267379999999997,3.146121,3.180962,3.227194,3.184879,3.227192,3.177512,powersave,powersave,powersave,powersave,powersave,powersave,powersave,powersave,5.928,5.85,2.0,2.8,8.1,6.4,8.1,8.1
32,24,3.19998,3.1999989999999996,3.1999560000000002,3.2003690000000002,3.2,3.199991,3.2,3.2004639999999998,powersave,powersave,powersave,powersave,powersave,powersave,powersave,powersave,6.482,5.95,2.0,2.8,8.1,6.4,8.1,8.1
33,23,3.1940749999999998,3.200364,3.198406,3.199878,3.200361,3.1985569999999997,3.200362,3.19929,powersave,powersave,powersave,powersave,powersave,powersave,powersave,powersave,6.489,6.0,2.0,2.8,8.1,6.4,8.1,8.1
34,23,3.100041,3.099999,3.100034,3.1001190000000003,3.099999,3.099957,3.099999,3.1000430000000003,powersave,powersave,powersave,powersave,powersave,powersave,powersave,powersave,6.493,6.0,2.0,2.8,8.1,6.4,8.1,7.9
35,3,0.227796,0.191522,0.155125,0.400026,0.18590500000000001,0.400019,0.181271,0.400038,powersave,powersave,powersave,powersave,powersave,powersave,powersave,powersave,5.136,5.2,2.0,2.8,5.4,5.3,5.4,4.7
36,1,0.400065,0.171814,0.40001,0.400034,0.166923,0.40002,0.175322,0.40002,powersave,powersave,powersave,powersave,powersave,powersave,powersave,powersave,4.059,4.9,2.0,2.8,5.0,5.3,5.0,4.5
38,1,0.800091,0.800001,0.802558,0.800284,0.8,0.800884,0.800025,0.800357,powersave,powersave,powersave,powersave,powersave,powersave,powersave,powersave,3.476,4.7,2.0,2.8,4.7,4.8,4.7,4.5
39,9,1.500037,1.5,1.499974,1.500039,1.5,1.499982,1.5,1.5000609999999999,powersave,powersave,powersave,powersave,powersave,powersave,powersave,powersave,0.0,4.7,2.0,2.8,4.6,4.7,4.6,4.8
40,11,1.7000039999999998,1.699999,1.7000350000000002,1.7001890000000002,1.699999,1.699991,1.7,1.700027,powersave,powersave,powersave,powersave,powersave,powersave,powersave,powersave,0.0,4.75,2.0,2.8,4.8,4.7,4.8,5.1
41,13,1.899988,1.899999,1.899994,1.900229,1.899999,1.900002,1.899999,1.9000489999999999,powersave,powersave,powersave,powersave,powersave,powersave,powersave,powersave,0.0,4.9,2.0,2.8,5.1,4.7,5.1,5.4
42,15,2.1146529999999997,2.129576,2.100295,2.1006810000000002,2.1293960000000003,2.100485,2.129398,2.100407,powersave,powersave,powersave,powersave,powersave,powersave,powersave,powersave,0.0,5.0,2.0,2.8,5.4,4.7,5.4,5.7
43,16,2.2999870000000002,2.2999989999999997,2.3000529999999997,2.3000760000000002,2.3,2.299971,2.3,2.3000410000000002,powersave,powersave,powersave,powersave,powersave,powersave,powersave,powersave,0.0,5.1,2.0,2.8,5.8,4.8,5.8,6.0
44,17,2.425072,2.425433,2.409877,2.4005199999999998,2.400435,2.4251060000000004,2.400623,2.425111,powersave,powersave,powersave,powersave,powersave,powersave,powersave,powersave,0.0,5.3,2.0,2.8,5.9,5.0,5.9,6.2
45,18,2.599999,2.599999,2.600203,2.600005,2.600056,2.599985,2.600067,2.6,powersave,powersave,powersave,powersave,powersave,powersave,powersave,powersave,0.0,5.45,2.0,2.8,6.3,5.0,6.3,6.6
46,19,2.7008829999999997,2.7,2.7,2.7,2.699952,2.700079,2.699988,2.700041,powersave,powersave,powersave,powersave,powersave,powersave,powersave,powersave,3.676,5.6,2.0,2.8,6.8,5.2,6.8,7.1
47,20,2.799983,2.8,2.7999989999999997,2.800084,2.8,2.800009,2.799996,2.800029,powersave,powersave,powersave,powersave,powersave,powersave,powersave,powersave,5.125,5.7,2.0,2.8,7.1,5.4,7.1,7.2
48,21,2.900023,2.8999989999999998,2.899937,2.9000169999999996,2.9,2.900039,2.900001,2.9001959999999998,powersave,powersave,powersave,powersave,powersave,powersave,powersave,powersave,5.147,5.7,2.0,2.8,7.2,5.4,7.2,7.2
49,21,2.9136990000000003,2.9416550000000004,2.900433,2.9004749999999997,2.941685,2.900395,2.942548,2.9005140000000003,powersave,powersave,powersave,powersave,powersave,powersave,powersave,powersave,5.142,5.7,2.0,2.8,7.2,5.7,7.2,7.4
50,22,3.100753,3.1,3.100024,3.1,3.100129,3.100096,3.1,3.1,powersave,powersave,powersave,powersave,powersave,powersave,powersave,powersave,5.145,5.8,2.0,2.8,7.4,5.7,7.4,7.5
51,22,3.145104,3.1444360000000002,3.119964,3.144458,3.199249,3.101337,3.100584,3.108409,powersave,powersave,powersave,powersave,powersave,powersave,powersave,powersave,5.138,5.85,2.0,2.8,7.5,5.9,7.5,7.8
52,23,3.179919,3.178759,3.178759,3.166187,3.148627,3.118563,3.1658310000000003,3.136922,powersave,powersave,powersave,powersave,powersave,powersave,powersave,powersave,5.208,5.95,2.0,2.8,7.8,6.2,7.8,8.1
53,23,3.190721,3.191141,3.19114,3.190036,3.197639,3.203513,3.193171,3.193546,powersave,powersave,powersave,powersave,powersave,powersave,powersave,powersave,6.489,6.0,2.0,2.8,8.1,6.2,8.1,8.1
54,21,2.938767,2.9563800000000002,2.9563800000000002,2.955871,2.992792,2.9503139999999997,2.921724,2.9816570000000002,powersave,powersave,powersave,powersave,powersave,powersave,powersave,powersave,6.465,5.95,2.0,2.9,7.7,6.4,7.7,7.4
55,22,3.03583,3.061998,3.061998,3.062596,3.0105880000000003,3.0008000000000004,3.000028,2.999991,powersave,powersave,powersave,powersave,powersave,powersave,powersave,powersave,5.856,5.85,2.0,2.8,7.4,6.3,7.4,7.5
56,22,3.16073,3.132976,3.132976,3.13246,3.168201,3.1996260000000003,3.198962,3.184496,powersave,powersave,powersave,powersave,powersave,powersave,powersave,powersave,5.87,5.85,2.0,2.8,7.5,6.3,7.5,7.8
57,23,3.2,3.2,3.1999989999999996,3.2003670000000004,3.1999989999999996,3.200014,3.200003,3.200691,powersave,powersave,powersave,powersave,powersave,powersave,powersave,powersave,5.879,5.95,2.0,2.8,7.7,6.4,7.7,8.1
58,23,3.220837,3.183774,3.183238,3.233022,3.183774,3.175657,3.217689,3.242318,powersave,powersave,powersave,powersave,powersave,powersave,powersave,powersave,6.423,6.0,2.0,2.8,8.1,6.4,8.1,8.1
59,22,3.10001,3.099996,3.1000010000000002,3.100051,3.1000010000000002,3.0999899999999996,3.1000300000000003,3.100037,powersave,powersave,powersave,powersave,powersave,powersave,powersave,powersave,6.479,6.05,2.0,2.8,7.8,6.5,7.8,7.8
60,23,2.8999989999999998,2.900001,2.9,2.8999989999999998,2.900097,2.9000120000000003,2.900057,2.899909,powersave,powersave,powersave,powersave,powersave,powersave,powersave,powersave,6.489,6.0,2.0,2.8,7.7,6.5,7.7,7.7
61,20,2.907947,2.9337489999999997,2.933751,2.9347220000000003,2.9337530000000003,2.900453,2.900407,2.900194,powersave,powersave,powersave,powersave,powersave,powersave,powersave,powersave,5.873,6.0,2.0,2.8,7.5,6.5,7.5,7.8
62,22,2.992908,2.9961729999999998,2.9961729999999998,2.996111,2.9961729999999998,3.000001,2.9890149999999998,3.0000340000000003,powersave,powersave,powersave,powersave,powersave,powersave,powersave,powersave,5.882,6.1,2.0,2.8,7.8,6.7,7.8,8.0
63,21,2.9955749999999997,2.99392,2.993922,2.993989,2.9939229999999997,2.9967020000000004,2.997209,2.996743,powersave,powersave,powersave,powersave,powersave,powersave,powersave,powersave,6.211,6.15,2.0,2.8,8.0,6.8,8.0,8.1
64,21,2.7927150000000003,2.766863,2.766863,2.766534,2.766533,2.799837,2.7999479999999997,2.799837,powersave,powersave,powersave,powersave,powersave,powersave,powersave,powersave,6.489,6.2,2.0,2.8,8.0,6.8,8.0,7.7
65,20,2.802676,2.8090889999999997,2.809174,2.809175,2.809174,2.800164,2.800145,2.800153,powersave,powersave,powersave,powersave,powersave,powersave,powersave,powersave,6.185,6.15,2.0,2.8,7.6,6.8,7.6,7.8
66,21,2.9000790000000003,2.9,2.8999989999999998,2.9,2.8999989999999998,2.8999650000000003,2.899963,2.9000100000000004,powersave,powersave,powersave,powersave,powersave,powersave,powersave,powersave,5.87,6.15,2.0,2.8,7.7,6.8,7.7,7.9
67,21,3.000009,3.0,2.999999,2.999999,3.0,3.000006,3.000013,2.999948,powersave,powersave,powersave,powersave,powersave,powersave,powersave,powersave,5.873,6.15,2.0,2.8,7.8,6.8,7.8,8.1
68,21,2.9778629999999997,2.952181,2.953475,2.9534740000000004,2.953473,2.989165,2.990863,2.986672,powersave,powersave,powersave,powersave,powersave,powersave,powersave,powersave,6.423,6.25,2.0,2.8,8.1,6.9,8.1,8.1
69,21,2.770503,2.718322,2.720043,2.794261,2.72004,2.784041,2.796649,2.720033,powersave,powersave,powersave,powersave,powersave,powersave,powersave,powersave,6.489,6.25,2.0,2.8,7.9,6.9,7.9,7.7
70,20,2.800017,2.8,2.7999989999999997,2.800025,2.8,2.7999940000000003,2.799964,2.7999989999999997,powersave,powersave,powersave,powersave,powersave,powersave,powersave,powersave,5.988,6.15,2.0,2.8,7.6,6.8,7.6,7.7
71,21,2.9,2.8999989999999998,2.8999989999999998,2.899998,2.900077,2.900048,2.900038,2.899967,powersave,powersave,powersave,powersave,powersave,powersave,powersave,powersave,5.87,6.15,2.0,2.8,7.7,6.9,7.7,7.8
72,21,2.901152,2.901035,2.9010369999999996,2.9011,2.900166,2.900132,2.900156,2.900147,powersave,powersave,powersave,powersave,powersave,powersave,powersave,powersave,5.867,6.2,2.0,2.8,7.9,6.9,7.9,8.0
73,21,2.920915,2.932786,2.932787,2.903286,2.933598,2.909627,2.879119,2.933614,powersave,powersave,powersave,powersave,powersave,powersave,powersave,powersave,6.263,6.25,2.0,2.8,8.0,7.0,8.0,8.1
74,21,2.7000439999999997,2.6999989999999996,2.6999989999999996,2.7,2.7,2.6999839999999997,2.699977,2.7000830000000002,powersave,powersave,powersave,powersave,powersave,powersave,powersave,powersave,6.472,6.3,2.0,2.9,8.0,7.0,8.0,7.7
75,20,2.8,2.7999989999999997,2.8,2.8,2.7999989999999997,2.80002,2.7999810000000003,2.800035,powersave,powersave,powersave,powersave,powersave,powersave,powersave,powersave,6.475,6.2,2.0,2.9,7.7,7.0,7.7,7.7
76,20,2.899972,2.8999989999999998,2.8999989999999998,2.9,2.9,2.899951,2.900029,2.900059,powersave,powersave,powersave,powersave,powersave,powersave,powersave,powersave,6.482,6.15,2.0,2.9,7.7,6.9,7.7,7.8
77,21,2.974231,2.9369009999999998,2.9369009999999998,2.9369009999999998,2.936089,2.9997469999999997,2.999693,2.999678,powersave,powersave,powersave,powersave,powersave,powersave,powersave,powersave,6.468,6.2,2.0,2.9,7.8,6.9,7.8,7.9
78,21,2.983189,2.9829920000000003,2.982994,2.982809,2.9829920000000003,2.980143,2.9825019999999998,2.983819,powersave,powersave,powersave,powersave,powersave,powersave,powersave,powersave,6.475,6.25,2.0,2.9,7.9,6.9,7.9,8.1
79,21,2.976402,2.966368,2.966367,2.965949,2.966368,2.9830799999999997,2.985929,2.983046,powersave,powersave,powersave,powersave,powersave,powersave,powersave,powersave,6.489,6.25,2.0,2.9,8.1,6.9,8.1,8.1
80,21,2.714364,2.747621,2.747359,2.747359,2.747359,2.7000010000000003,2.699998,2.699975,powersave,powersave,powersave,powersave,powersave,powersave,powersave,powersave,6.489,6.25,2.0,2.9,7.9,7.0,7.9,7.7
81,20,2.808331,2.8262600000000004,2.803881,2.826118,2.826118,2.799947,2.826118,2.802475,powersave,powersave,powersave,powersave,powersave,powersave,powersave,powersave,6.486,6.2,2.0,2.9,7.7,6.9,7.7,7.7
82,21,2.899944,2.8999989999999998,2.90002,2.8999989999999998,2.8999989999999998,2.9,2.8999989999999998,2.900005,powersave,powersave,powersave,powersave,powersave,powersave,powersave,powersave,6.468,6.15,2.0,2.9,7.7,6.9,7.7,7.8
83,21,2.97517,2.974984,2.990355,2.975168,2.9989749999999997,2.999043,2.975166,2.999032,powersave,powersave,powersave,powersave,powersave,powersave,powersave,powersave,6.479,6.2,2.0,2.9,7.8,6.9,7.8,7.9
84,21,2.958453,2.958453,2.981558,2.957977,2.9901370000000003,2.9901329999999997,2.958453,2.9844250000000003,powersave,powersave,powersave,powersave,powersave,powersave,powersave,powersave,6.482,6.25,2.0,2.9,8.0,7.0,8.0,8.1
85,21,2.6998939999999996,2.7,2.70007,2.7,2.7,2.699954,2.7,2.700005,powersave,powersave,powersave,powersave,powersave,powersave,powersave,powersave,6.479,6.25,2.0,2.9,7.9,7.0,7.9,7.6
86,20,2.799998,2.8,2.7999989999999997,2.8,2.8,2.7999899999999998,2.800058,2.799991,powersave,powersave,powersave,powersave,powersave,powersave,powersave,powersave,5.928,6.2,2.0,2.9,7.6,6.9,7.6,7.7
87,20,2.88709,2.8632959999999996,2.8632959999999996,2.899956,2.862922,2.9000120000000003,2.899983,2.862925,powersave,powersave,powersave,powersave,powersave,powersave,powersave,powersave,5.87,6.2,2.0,2.9,7.7,6.9,7.7,7.8
88,21,2.913649,2.951442,2.951442,2.901353,2.95196,2.901567,2.9010100000000003,2.951937,powersave,powersave,powersave,powersave,powersave,powersave,powersave,powersave,5.87,6.25,2.0,2.9,7.9,6.9,7.9,8.1
89,21,2.936183,2.9366689999999998,2.9366689999999998,2.93667,2.959939,2.974935,2.974719,2.974746,powersave,powersave,powersave,powersave,powersave,powersave,powersave,powersave,6.493,6.3,2.0,2.9,8.0,7.0,8.0,8.1
90,21,2.9992199999999998,2.938349,2.938348,2.938348,2.937396,2.98361,3.0021970000000002,3.017368,powersave,powersave,powersave,powersave,powersave,powersave,powersave,powersave,6.479,6.3,2.0,2.9,8.1,7.0,8.1,8.1
91,19,2.489969,2.4701999999999997,2.4699920000000004,2.4701999999999997,2.470201,2.500106,2.499953,2.500049,powersave,powersave,powersave,powersave,powersave,powersave,powersave,powersave,6.122,6.15,2.0,2.9,7.4,7.1,7.4,7.2
92,18,2.5827269999999998,2.574665,2.574473,2.574666,2.574665,2.600041,2.5917950000000003,2.599999,powersave,powersave,powersave,powersave,powersave,powersave,powersave,powersave,5.145,6.1,2.0,2.9,7.1,6.6,7.1,7.3
93,19,2.700098,2.7,2.7,2.7,2.700008,2.700002,2.7000949999999997,2.7000900000000003,powersave,powersave,powersave,powersave,powersave,powersave,powersave,powersave,5.112,6.05,2.0,2.9,7.2,6.6,7.2,7.4
94,19,2.799989,2.8,2.8,2.8,2.7999989999999997,2.8,2.800011,2.800047,powersave,powersave,powersave,powersave,powersave,powersave,powersave,powersave,5.119,6.1,2.0,2.9,7.3,6.6,7.3,7.6
95,20,2.7999110000000003,2.7999989999999997,2.8,2.79996,2.8,2.800036,2.800011,2.8,powersave,powersave,powersave,powersave,powersave,powersave,powersave,powersave,5.119,6.15,2.0,2.9,7.6,6.6,7.6,7.8
96,21,2.8999960000000002,2.9,2.8999989999999998,2.90004,2.9,2.900007,2.89999,2.9,powersave,powersave,powersave,powersave,powersave,powersave,powersave,powersave,5.208,6.25,2.0,2.9,7.8,6.7,7.8,8.0
97,21,2.899862,2.8999989999999998,2.9,2.899984,2.899998,2.899989,2.8999859999999997,2.9,powersave,powersave,powersave,powersave,powersave,powersave,powersave,powersave,6.276,6.3,2.0,2.9,8.0,6.8,8.0,8.0
98,21,2.799963,2.8,2.8,2.8,2.8,2.799988,2.800013,2.799998,powersave,powersave,powersave,powersave,powersave,powersave,powersave,powersave,6.486,6.25,2.0,2.9,7.9,6.8,7.9,7.9
99,20,2.900102,2.9,2.9,2.9,2.8999989999999998,2.900023,2.9000100000000004,2.899994,powersave,powersave,powersave,powersave,powersave,powersave,powersave,powersave,6.5,6.25,2.0,2.9,7.8,6.9,7.8,7.9
100,21,2.999994,2.999999,3.0,2.999999,2.999997,3.0000109999999998,3.0000340000000003,2.999996,powersave,powersave,powersave,powersave,powersave,powersave,powersave,powersave,6.489,6.3,2.0,2.9,7.9,7.0,7.9,8.1
101,21,2.980933,2.970564,2.970055,2.970564,2.9705630000000003,2.987748,2.989723,2.9901050000000002,powersave,powersave,powersave,powersave,powersave,powersave,powersave,powersave,6.493,6.3,2.0,2.9,8.0,7.0,8.0,8.1
102,21,2.8428400000000003,2.8303939999999996,2.8290970000000004,2.830393,2.830393,2.889184,2.89678,2.899639,powersave,powersave,powersave,powersave,powersave,powersave,powersave,powersave,6.472,6.35,2.0,2.9,8.0,7.0,8.0,7.9
103,20,2.7999870000000002,2.8,2.7999989999999997,2.7999810000000003,2.7999989999999997,2.8000079999999996,2.7999609999999997,2.8,powersave,powersave,powersave,powersave,powersave,powersave,powersave,powersave,6.472,6.25,2.0,2.9,7.7,6.9,7.7,7.8
104,21,2.8999699999999997,2.9,2.899997,2.8999989999999998,2.8999989999999998,2.9000079999999997,2.89999,2.900022,powersave,powersave,powersave,powersave,powersave,powersave,powersave,powersave,6.475,6.2,2.0,2.9,7.7,6.9,7.7,7.8
105,21,2.984129,2.936337,2.9377890000000004,2.992761,2.937785,2.997021,2.996929,2.937779,powersave,powersave,powersave,powersave,powersave,powersave,powersave,powersave,6.486,6.25,2.0,2.9,7.8,6.9,7.8,7.9
106,21,2.9934250000000002,2.970934,2.9723629999999996,2.99533,2.972355,2.997162,2.997473,2.972344,powersave,powersave,powersave,powersave,powersave,powersave,powersave,powersave,6.482,6.25,2.0,2.9,7.9,6.9,7.9,8.1
107,21,2.9349369999999997,2.953522,2.95396,2.953522,2.9535210000000003,2.927355,2.9226959999999997,2.92318,powersave,powersave,powersave,powersave,powersave,powersave,powersave,powersave,6.479,6.35,2.0,2.9,8.1,7.0,8.1,8.1
108,20,2.699969,2.6999989999999996,2.7,2.699964,2.7,2.700038,2.6998580000000003,2.6999989999999996,powersave,powersave,powersave,powersave,powersave,powersave,powersave,powersave,6.493,6.3,2.0,2.9,7.8,7.0,7.8,7.8
109,20,2.800025,2.8,2.7999989999999997,2.800005,2.8,2.799986,2.799986,2.8,powersave,powersave,powersave,powersave,powersave,powersave,powersave,powersave,6.012,6.25,2.0,2.9,7.6,7.0,7.6,7.7
110,21,2.8733760000000004,2.859424,2.859424,2.831128,2.85906,2.852468,2.820503,2.859424,powersave,powersave,powersave,powersave,powersave,powersave,powersave,powersave,5.881,6.25,2.0,3.0,7.7,6.9,7.7,7.9
111,21,2.9574209999999996,2.93858,2.93858,2.972488,2.93775,2.972886,2.971948,2.93858,powersave,powersave,powersave,powersave,powersave,powersave,powersave,powersave,5.879,6.3,2.0,3.0,7.9,6.9,7.9,8.2
112,21,2.933411,2.9328960000000004,2.9328960000000004,2.9242779999999997,2.9152750000000003,2.915311,2.9153569999999998,2.932895,powersave,powersave,powersave,powersave,powersave,powersave,powersave,powersave,6.451,6.35,2.0,2.9,8.1,7.0,8.1,8.1
113,20,2.700064,2.6999989999999996,2.7,2.700015,2.6999989999999996,2.700012,2.7000070000000003,2.6999989999999996,powersave,powersave,powersave,powersave,powersave,powersave,powersave,powersave,6.475,6.3,2.0,3.0,7.9,7.0,7.9,7.7
114,20,2.799992,2.8,2.7999989999999997,2.800026,2.8,2.799962,2.800027,2.7999989999999997,powersave,powersave,powersave,powersave,powersave,powersave,powersave,powersave,5.952,6.2,2.0,3.0,7.6,7.0,7.6,7.6
115,20,2.8,2.8,2.7999989999999997,2.799988,2.8000410000000002,2.8000079999999996,2.800026,2.7999989999999997,powersave,powersave,powersave,powersave,powersave,powersave,powersave,powersave,5.876,6.2,2.0,3.0,7.6,6.9,7.6,7.8
116,21,2.9000169999999996,2.9,2.9,2.900018,2.9,2.900111,2.899987,2.9,powersave,powersave,powersave,powersave,powersave,powersave,powersave,powersave,5.884,6.25,2.0,3.0,7.8,6.9,7.8,7.9
117,21,2.91479,2.9406849999999998,2.940683,2.904765,2.941876,2.90536,2.9000079999999997,2.899994,powersave,powersave,powersave,powersave,powersave,powersave,powersave,powersave,5.879,6.3,2.0,3.0,7.9,6.9,7.9,8.0
118,21,2.800025,2.7999989999999997,2.7999989999999997,2.7999989999999997,2.8,2.7999940000000003,2.7999940000000003,2.799944,powersave,powersave,powersave,powersave,powersave,powersave,powersave,powersave,6.482,6.35,2.0,3.0,8.1,7.0,8.1,8.0
119,19,2.699848,2.6999989999999996,2.6999989999999996,2.7,2.7,2.699977,2.700064,2.699949,powersave,powersave,powersave,powersave,powersave,powersave,powersave,powersave,6.489,6.25,2.0,2.9,7.7,6.9,7.7,7.6
120,20,2.800027,2.8,2.799996,2.799989,2.8000010000000004,2.7999989999999997,2.799998,2.7999989999999997,powersave,powersave,powersave,powersave,powersave,powersave,powersave,powersave,5.847,6.2,2.0,3.0,7.6,6.9,7.6,7.7
121,22,3.109502,3.110088,3.109502,3.101731,3.10156,3.101587,3.101754,3.102532,powersave,powersave,powersave,powersave,powersave,powersave,powersave,powersave,5.87,6.25,2.0,2.9,8.0,6.8,8.0,8.1
122,22,3.095712,3.097209,3.095709,3.1000419999999997,3.099289,3.099119,3.09939,3.098881,powersave,powersave,powersave,powersave,powersave,powersave,powersave,powersave,6.482,6.2,2.0,3.0,8.0,6.8,8.0,8.1
123,21,2.9,2.899998,2.9,2.899993,2.899995,2.899909,2.8999960000000002,2.900065,powersave,powersave,powersave,powersave,powersave,powersave,powersave,powersave,6.382,6.15,2.0,3.0,7.6,6.8,7.6,7.5
124,21,3.000248,3.0,3.0,3.000036,3.0001170000000004,3.000008,3.000047,3.0,powersave,powersave,powersave,powersave,powersave,powersave,powersave,powersave,5.87,6.1,2.0,3.0,7.5,6.6,7.5,7.4
125,22,3.10012,3.1,3.0999920000000003,3.0999630000000002,3.0999980000000003,3.100009,3.0999920000000003,3.099995,powersave,powersave,powersave,powersave,powersave,powersave,powersave,powersave,5.87,6.1,2.0,3.0,7.6,6.6,7.6,7.6
126,23,3.100359,3.1,3.1,3.1,3.100039,3.09996,3.100028,3.099999,powersave,powersave,powersave,powersave,powersave,powersave,powersave,powersave,5.861,6.1,2.0,2.9,7.8,6.6,7.8,7.8
127,22,3.1438420000000002,3.17366,3.17366,3.116436,3.1319160000000004,3.115482,3.115747,3.173883,powersave,powersave,powersave,powersave,powersave,powersave,powersave,powersave,6.048,6.15,2.0,3.0,8.0,6.6,8.0,8.0
128,23,3.144168,3.1677890000000004,3.167068,3.167068,3.132632,3.116214,3.115123,3.1166419999999997,powersave,powersave,powersave,powersave,powersave,powersave,powersave,powersave,6.486,6.2,2.0,2.9,8.0,6.7,8.0,8.0
129,22,2.973261,2.952169,2.952637,2.999715,2.952622,2.999446,2.999738,2.9994520000000002,powersave,powersave,powersave,powersave,powersave,powersave,powersave,powersave,6.479,6.15,2.0,2.9,7.8,6.7,7.8,7.6
130,21,3.059409,3.0226770000000003,3.0974630000000003,3.096609,3.023331,3.096688,3.088629,3.023327,powersave,powersave,powersave,powersave,powersave,powersave,powersave,powersave,5.873,6.1,2.0,3.0,7.5,6.7,7.5,7.5
131,22,3.1009029999999997,3.1,3.099982,3.1000419999999997,3.100098,3.099991,3.1,3.1,powersave,powersave,powersave,powersave,powersave,powersave,powersave,powersave,5.879,6.1,2.0,2.9,7.7,6.6,7.7,7.9
132,23,3.1398270000000004,3.140611,3.123922,3.120215,3.115334,3.114967,3.139806,3.121623,powersave,powersave,powersave,powersave,powersave,powersave,powersave,powersave,6.16,6.15,2.0,3.0,8.0,6.7,8.0,8.1
133,22,2.999999,2.999999,3.000006,3.000145,2.999982,3.000038,3.0,3.000092,powersave,powersave,powersave,powersave,powersave,powersave,powersave,powersave,6.489,6.15,2.0,3.0,8.0,6.7,8.0,7.8
134,22,3.06066,3.0603960000000003,3.079401,3.100151,3.100047,3.099969,3.06066,3.100072,powersave,powersave,powersave,powersave,powersave,powersave,powersave,powersave,6.482,6.15,2.0,3.0,7.7,6.6,7.7,7.9
135,22,3.120639,3.139783,3.100586,3.0973539999999997,3.1395340000000003,3.100286,3.096199,3.139537,powersave,powersave,powersave,powersave,powersave,powersave,powersave,powersave,6.465,6.1,2.0,3.0,7.7,6.6,7.7,7.7
136,23,3.222698,3.2354209999999997,3.210938,3.211187,3.2351739999999998,3.210422,3.220046,3.2351739999999998,powersave,powersave,powersave,powersave,powersave,powersave,powersave,powersave,5.87,6.15,2.0,3.0,7.7,6.6,7.7,7.8
137,23,3.193825,3.200232,3.196838,3.1956840000000004,3.20023,3.191331,3.191814,3.2002289999999998,powersave,powersave,powersave,powersave,powersave,powersave,powersave,powersave,6.134,6.2,2.0,2.9,8.0,6.7,8.0,8.0
138,23,3.205622,3.210594,3.203768,3.1980329999999997,3.2105140000000003,3.200761,3.181598,3.2105140000000003,powersave,powersave,powersave,powersave,powersave,powersave,powersave,powersave,6.479,6.25,2.0,3.0,8.1,6.7,8.1,8.0
139,23,2.999993,3.000001,3.000032,2.999985,2.999999,2.999993,3.0000210000000003,3.000008,powersave,powersave,powersave,powersave,powersave,powersave,powersave,powersave,6.489,6.2,2.0,2.9,7.8,6.8,7.8,7.5
140,22,3.100023,3.1,3.100122,3.099939,3.1,3.1000199999999998,3.1000039999999998,3.0999980000000003,powersave,powersave,powersave,powersave,powersave,powersave,powersave,powersave,5.881,6.15,2.0,3.0,7.6,6.7,7.6,7.7
141,22,3.1667899999999998,3.102513,3.187217,3.1967939999999997,3.102441,3.193308,3.1806509999999997,3.0984659999999997,powersave,powersave,powersave,powersave,powersave,powersave,powersave,powersave,5.879,6.15,2.0,3.0,7.7,6.7,7.7,7.8
142,23,3.200042,3.2,3.200114,3.1999299999999997,3.1999989999999996,3.200016,3.2000129999999998,3.1999989999999996,powersave,powersave,powersave,powersave,powersave,powersave,powersave,powersave,5.876,6.25,2.0,3.0,7.9,6.7,7.9,8.1
143,23,3.1999989999999996,3.2,3.2001950000000003,3.199981,3.200005,3.200033,3.200027,3.1999989999999996,powersave,powersave,powersave,powersave,powersave,powersave,powersave,powersave,6.493,6.25,2.0,3.0,8.1,6.8,8.1,8.0
144,23,2.999999,3.0,3.0002020000000003,2.9999499999999997,3.000006,3.000061,2.999993,3.0,powersave,powersave,powersave,powersave,powersave,powersave,powersave,powersave,6.482,6.25,2.0,3.0,7.7,6.8,7.7,7.6
145,21,3.0543270000000002,3.054328,3.055728,3.017678,3.000255,3.000366,3.000445,3.0005059999999997,powersave,powersave,powersave,powersave,powersave,powersave,powersave,powersave,5.87,6.15,2.0,3.0,7.6,6.7,7.6,8.0
146,23,3.1001399999999997,3.1,3.1,3.100289,3.099999,3.0999499999999998,3.1000900000000002,3.1001260000000004,powersave,powersave,powersave,powersave,powersave,powersave,powersave,powersave,5.952,6.15,2.0,3.0,8.0,6.7,8.0,8.1
147,22,3.019993,3.092314,3.089778,3.002893,3.089826,3.000373,3.009368,3.0005659999999996,powersave,powersave,powersave,powersave,powersave,powersave,powersave,powersave,6.486,6.15,2.0,3.0,7.9,6.7,7.9,7.9
148,22,3.099964,3.099999,3.1,3.100309,3.099999,3.1000349999999997,3.100045,3.099984,powersave,powersave,powersave,powersave,powersave,powersave,powersave,powersave,6.489,6.1,2.0,3.0,7.8,6.7,7.8,8.0
149,22,3.104867,3.141933,3.138616,3.10378,3.138616,3.100855,3.102804,3.1013249999999997,powersave,powersave,powersave,powersave,powersave,powersave,powersave,powersave,6.482,6.15,2.0,3.0,7.9,6.7,7.9,8.1
150,24,3.21072,3.193934,3.193934,3.193307,3.257549,3.2255599999999998,3.248881,3.223449,powersave,powersave,powersave,powersave,powersave,powersave,powersave,powersave,6.489,6.2,2.0,3.0,7.8,6.7,7.8,7.9
151,23,3.4,3.3999989999999998,3.400124,3.400049,3.400028,3.399985,3.40009,3.4000169999999996,powersave,powersave,powersave,powersave,powersave,powersave,powersave,powersave,6.496,6.1,2.0,3.0,8.0,6.5,8.0,7.6
152,25,3.4,3.3999989999999998,3.400102,3.4000500000000002,3.4000100000000004,3.39995,3.400087,3.400009,powersave,powersave,powersave,powersave,powersave,powersave,powersave,powersave,6.493,6.1,2.0,3.0,7.9,6.5,7.9,7.6
153,24,3.4001230000000002,3.4,3.40011,3.4,3.40004,3.400011,3.400083,3.400028,powersave,powersave,powersave,powersave,powersave,powersave,powersave,powersave,6.493,6.0,2.0,3.0,7.8,6.5,7.8,7.6
154,25,3.391995,3.397434,3.398129,3.39777,3.3889229999999997,3.399973,3.39106,3.395863,powersave,powersave,powersave,powersave,powersave,powersave,powersave,powersave,6.486,6.0,2.0,3.0,7.7,6.5,7.7,7.6
155,25,3.4001460000000003,3.3999989999999998,3.400081,3.4,3.400013,3.399954,3.400042,3.400058,powersave,powersave,powersave,powersave,powersave,powersave,powersave,powersave,6.479,5.95,2.0,3.0,7.7,6.4,7.7,7.6
156,24,3.40011,3.4,3.400102,3.4,3.400047,3.400005,3.4000030000000003,3.400066,powersave,powersave,powersave,powersave,powersave,powersave,powersave,powersave,6.482,6.0,2.0,3.0,7.7,6.3,7.7,7.5
157,25,3.400496,3.399939,3.394362,3.399939,3.393035,3.396993,3.3939749999999997,3.4,powersave,powersave,powersave,powersave,powersave,powersave,powersave,powersave,6.486,5.9,2.0,3.0,7.7,6.3,7.7,7.5
158,24,3.4001129999999997,3.4,3.4,3.4000839999999997,3.400029,3.399989,3.400027,3.40006,powersave,powersave,powersave,powersave,powersave,powersave,powersave,powersave,6.475,5.95,2.0,3.0,7.9,6.3,7.9,7.4
159,25,3.400291,3.4,3.4,3.4001069999999998,3.400016,3.39999,3.400009,3.40004,powersave,powersave,powersave,powersave,powersave,powersave,powersave,powersave,6.472,5.9,2.0,2.9,7.9,6.3,7.9,7.4
160,24,3.400285,3.4,3.4,3.400125,3.400047,3.400001,3.4,3.400011,powersave,powersave,powersave,powersave,powersave,powersave,powersave,powersave,6.479,5.85,2.0,3.0,7.9,6.3,7.9,7.4
161,25,3.400376,3.4,3.4,3.400148,3.400048,3.3999409999999997,3.4000700000000004,3.40004,powersave,powersave,powersave,powersave,powersave,powersave,powersave,powersave,6.475,5.85,2.0,2.9,7.9,6.3,7.9,7.4
162,24,3.400448,3.4,3.400127,3.4,3.40002,3.4000239999999997,3.40009,3.400058,powersave,powersave,powersave,powersave,powersave,powersave,powersave,powersave,6.475,5.85,2.0,3.0,7.7,6.3,7.7,7.5
163,25,3.400363,3.4,3.400132,3.4000459999999997,3.400059,3.399982,3.400014,3.4,powersave,powersave,powersave,powersave,powersave,powersave,powersave,powersave,5.861,5.85,2.0,2.9,7.6,6.3,7.6,7.5
164,25,3.400288,3.4,3.400105,3.400021,3.4000410000000003,3.399983,3.40009,3.4,powersave,powersave,powersave,powersave,powersave,powersave,powersave,powersave,5.87,5.85,2.0,3.0,7.7,6.2,7.7,7.6
165,24,3.400268,3.3999989999999998,3.4001080000000004,3.4000239999999997,3.400013,3.400005,3.400005,3.4,powersave,powersave,powersave,powersave,powersave,powersave,powersave,powersave,5.867,5.9,2.0,2.9,7.7,6.2,7.7,7.6
166,25,3.4001900000000003,3.3999989999999998,3.4001069999999998,3.400052,3.4000749999999997,3.399946,3.400086,3.4,powersave,powersave,powersave,powersave,powersave,powersave,powersave,powersave,5.861,5.85,2.0,2.9,7.7,6.3,7.7,7.6
167,24,3.400134,3.3999989999999998,3.400136,3.400038,3.400049,3.3999960000000002,3.400044,3.4,powersave,powersave,powersave,powersave,powersave,powersave,powersave,powersave,5.867,5.9,2.0,2.9,7.7,6.3,7.7,7.6
168,25,3.4001129999999997,3.399998,3.400078,3.400039,3.400032,3.3999650000000003,3.4000239999999997,3.4,powersave,powersave,powersave,powersave,powersave,powersave,powersave,powersave,5.867,5.9,2.0,2.9,7.7,6.3,7.7,7.6
169,25,3.400058,3.4000019999999997,3.4000500000000002,3.4000019999999997,3.400023,3.399993,3.4000120000000003,3.3999989999999998,powersave,powersave,powersave,powersave,powersave,powersave,powersave,powersave,5.87,5.9,2.0,2.9,7.7,6.2,7.7,7.5
170,24,3.4001930000000002,3.3999989999999998,3.3999989999999998,3.400121,3.4001669999999997,3.399978,3.399994,3.400095,powersave,powersave,powersave,powersave,powersave,powersave,powersave,powersave,5.87,5.95,2.0,3.0,8.0,6.2,8.0,7.5
171,24,3.400258,3.4,3.3999989999999998,3.4001819999999996,3.4000850000000002,3.399976,3.399993,3.40003,powersave,powersave,powersave,powersave,powersave,powersave,powersave,powersave,6.486,5.9,2.0,2.9,8.0,6.3,8.0,7.4
172,25,3.400382,3.4,3.4,3.4001390000000002,3.400016,3.399992,3.400071,3.400013,powersave,powersave,powersave,powersave,powersave,powersave,powersave,powersave,6.486,5.9,2.0,2.9,7.9,6.3,7.9,7.4
173,24,3.40046,3.3999989999999998,3.4,3.4001669999999997,3.400029,3.400001,3.40003,3.400036,powersave,powersave,powersave,powersave,powersave,powersave,powersave,powersave,6.482,5.9,2.0,3.0,7.9,6.3,7.9,7.4
174,25,3.4004659999999998,3.4,3.400132,3.4,3.400102,3.3999319999999997,3.400036,3.400068,powersave,powersave,powersave,powersave,powersave,powersave,powersave,powersave,6.479,5.85,2.0,2.9,7.7,6.3,7.7,7.5
175,25,3.4004369999999997,3.3999989999999998,3.400104,3.4,3.400082,3.399997,3.400067,3.400038,powersave,powersave,powersave,powersave,powersave,powersave,powersave,powersave,5.853,5.85,2.0,2.9,7.6,6.2,7.6,7.5
176,24,3.40004,3.4,3.400124,3.4000250000000003,3.4,3.400001,3.400058,3.400047,powersave,powersave,powersave,powersave,powersave,powersave,powersave,powersave,5.867,5.85,2.0,2.9,7.7,6.2,7.7,7.5
177,25,3.4000250000000003,3.3999989999999998,3.400086,3.4000529999999998,3.4,3.40002,3.4000839999999997,3.400016,powersave,powersave,powersave,powersave,powersave,powersave,powersave,powersave,5.859,5.9,2.0,2.9,7.8,6.2,7.8,7.4
178,24,3.4000169999999996,3.4,3.400137,3.4000500000000002,3.4,3.4000239999999997,3.40003,3.40004,powersave,powersave,powersave,powersave,powersave,powersave,powersave,powersave,5.867,5.95,2.0,2.9,7.8,6.2,7.8,7.5
179,25,3.399991,3.4,3.400082,3.400044,3.4,3.400027,3.4000369999999998,3.400048,powersave,powersave,powersave,powersave,powersave,powersave,powersave,powersave,5.873,5.9,2.0,2.9,7.8,6.3,7.8,7.5
180,24,3.4000030000000003,3.4,3.400126,3.400047,3.4,3.400027,3.400026,3.400078,powersave,powersave,powersave,powersave,powersave,powersave,powersave,powersave,5.87,5.95,2.0,3.0,7.8,6.2,7.8,7.5
./benchmark:19:in `digest': Interrupt
	from ./benchmark:19:in `digest'
	from ./benchmark:19:in `hexdigest'
	from ./benchmark:19:in `waste_cpu'
	from ./benchmark:102:in `block in <main>'
	from ./benchmark:100:in `each'
	from ./benchmark:100:in `<main>'
